{
	"partitions" : [
		{
			"name" : "Top",
			"pins" : [
				{
					"name" : "AlarmOut",
					"strict" : false
				},
				{
					"name" : "Q0",
					"strict" : false
				},
				{
					"name" : "Q1",
					"strict" : false
				},
				{
					"name" : "Q2",
					"strict" : false
				},
				{
					"name" : "Q3",
					"strict" : false
				},
				{
					"name" : "M0",
					"strict" : false
				},
				{
					"name" : "M1",
					"strict" : false
				},
				{
					"name" : "M2",
					"strict" : false
				},
				{
					"name" : "M3",
					"strict" : false
				},
				{
					"name" : "keyin1",
					"strict" : false
				},
				{
					"name" : "keyin5",
					"strict" : false
				},
				{
					"name" : "keyin9",
					"strict" : false
				},
				{
					"name" : "keyin3",
					"strict" : false
				},
				{
					"name" : "keyin7",
					"strict" : false
				},
				{
					"name" : "keyin2",
					"strict" : false
				},
				{
					"name" : "keyin6",
					"strict" : false
				},
				{
					"name" : "keyin4",
					"strict" : false
				},
				{
					"name" : "keyin8",
					"strict" : false
				},
				{
					"name" : "keyin0",
					"strict" : false
				},
				{
					"name" : "CLK",
					"strict" : false
				}
			]
		}
	]
}